bar_chair_armas	1	1	1.394	1
bar_polyfon	1	1	1.000	0
bardesk_polyfon	2	1	1.000	0
bench_armas	2	1	1.100	1
carpet_polar	2	3	0.000	0
carpet_standard	3	5	0.000	0
chair_norja	1	1	1.000	1
chair_plasto	1	1	1.100	1
couch_norja	2	1	1.000	1
divider_nor1	1	1	1.000	0
doormat_plain	1	1	0.000	0
lamp_armas	1	1	1.562	0
lamp_basic	1	1	1.000	0
plant_big_cactus	1	1	1.000	0
plant_pineapple	1	1	1.000	0
plant_rose	1	1	1.000	0
plant_yukka	1	1	1.000	0
shelves_norja	1	1	1.000	0
small_chair_armas	1	1	1.000	1
small_table_armas	1	1	0.900	0
sofa_polyfon	2	1	1.200	1
sofachair_polyfon	1	1	1.200	1
table_armas	2	2	0.900	0
table_norja_med	2	2	0.800	0
table_polyfon_med	2	2	0.700	0
table_polyfon_small	2	2	1.000	0
tv_luxus	1	3	1.000	0
summer_chair*1	1	1	0.990	1
